0,鈴木 一郎,男,東京都,000-0000-0000,aaa@bbb.aaa,雑誌,新聞,その他,AAA,hogehoge&#x2Choge hoge
1,鈴木 一郎,男,東京都,100-0000-0000,bbb@bbb.aaa,雑誌,,その他,AAA,hogehoge&#x2Choge hoge
2,鈴木 次郎,男,東京都,000-0000-0000,aaa@bbb.aaa,雑誌,新聞,その他,AAA,hogehoge&#x2Choge hoge<br>hogehoge&#x2Choge hoge<br>hogehoge&#x2Choge hoge<br>hogehoge&#x2Choge hoge<br>hogehoge&#x2Choge hoge<br>hogehoge&#x2Choge hoge<br>hogehoge&#x2Choge hoge<br>hogehoge&#x2Choge hoge<br>hogehoge&#x2Choge hoge<br>hogehoge&#x2Choge hoge<br>hogehoge&#x2Choge hoge<br>hogehoge&#x2Choge hoge<br>hogehoge&#x2Choge hoge<br>hogehoge&#x2Choge hoge<br>hogehoge&#x2Choge hoge<br>hogehoge&#x2Choge hoge<br>hogehoge&#x2Choge hoge<br>hogehoge&#x2Choge hoge<br>hogehoge&#x2Choge hoge<br>hogehoge&#x2Choge hoge<br>hogehoge&#x2Choge hoge<br>hogehoge&#x2Choge hoge<br>hogehoge&#x2Choge hoge<br>hogehoge&#x2Choge hoge<br>hogehoge&#x2Choge hoge<br>hogehoge&#x2Choge hoge<br>hogehoge&#x2Choge hoge<br>hogehoge&#x2Choge hoge<br>hogehoge&#x2Choge hoge<br>hogehoge&#x2Choge hoge<br>hogehoge&#x2Choge hoge<br>hogehoge&#x2Choge hoge<br>hogehoge&#x2Choge hoge<br>hogehoge&#x2Choge hoge<br>hogehoge&#x2Choge hoge<br>hogehoge&#x2Choge hoge<br>hogehoge&#x2Choge hoge<br>hogehoge&#x2Choge hoge<br>hogehoge&#x2Choge hoge<br>hogehoge&#x2Choge hoge<br>hogehoge&#x2Choge hoge<br>hogehoge&#x2Choge hoge<br>hogehoge&#x2Choge hoge<br>hogehoge&#x2Choge hoge<br>hogehoge&#x2Choge hoge<br>hogehoge&#x2Choge hoge<br>hogehoge&#x2Choge hoge<br>hogehoge&#x2Choge hoge<br>hogehoge&#x2Choge hoge<br>hogehoge&#x2Choge hoge<br>hogehoge&#x2Choge hoge<br>hogehoge&#x2Choge hoge<br>hogehoge&#x2Choge hoge<br>hogehoge&#x2Choge hoge<br>hogehoge&#x2Choge hoge<br>hogehoge&#x2Choge hoge<br>hogehoge&#x2Choge hoge<br>hogehoge&#x2Choge hoge<br>hogehoge&#x2Choge hoge<br>hogehoge&#x2Choge hoge<br>hogehoge&#x2Choge hoge<br>hogehoge&#x2Choge hoge<br>hogehoge&#x2Choge hoge<br>hogehoge&#x2Choge hoge<br>hogehoge&#x2Choge hoge<br>hogehoge&#x2Choge hoge<br>hogehoge&#x2Choge hoge<br>hogehoge&#x2Choge hoge<br>hogehoge&#x2Choge hoge<br>hogehoge&#x2Choge hoge<br>hogehoge&#x2Choge hoge<br>hogehoge&#x2Choge hoge<br>hogehoge&#x2Choge hoge<br>hogehoge&#x2Choge hoge<br>hogehoge&#x2Choge hoge<br>hogehoge&#x2Choge hoge<br>hogehoge&#x2Choge hoge<br>hogehoge&#x2Choge hoge<br>hogehoge&#x2Choge hoge<br>hogehoge&#x2Choge hoge<br>hogehoge&#x2Choge hoge<br>hogehoge&#x2Choge hoge<br>hogehoge&#x2Choge hoge<br>hogehoge&#x2Choge hoge<br>hogehoge&#x2Choge hoge<br>hogehoge&#x2Choge hoge<br>hogehoge&#x2Choge hoge<br>hogehoge&#x2Choge hoge<br>hogehoge&#x2Choge hoge<br>hogehoge&#x2Choge hoge<br>hogehoge&#x2Choge hoge<br>hogehoge&#x2Choge hoge<br>hogehoge&#x2Choge hoge<br>hogehoge&#x2Choge hoge<br>hogehoge&#x2Choge hoge<br>hogehoge&#x2Choge hoge<br>hogehoge&#x2Choge hoge<br>hogehoge&#x2Choge hoge<br>hogehoge&#x2Choge hoge<br>hogehoge&#x2Choge hoge<br>hogehoge&#x2Choge hoge<br>hogehoge&#x2Choge hoge<br>hogehoge&#x2Choge hoge<br>hogehoge&#x2Choge hoge<br>hogehoge&#x2Choge hoge<br>hogehoge&#x2Choge hoge<br>hogehoge&#x2Choge hoge<br>hogehoge&#x2Choge hoge<br>hogehoge&#x2Choge hoge<br>hogehoge&#x2Choge hoge<br>hogehoge&#x2Choge hoge<br>hogehoge&#x2Choge hoge<br>hogehoge&#x2Choge hoge<br>hogehoge&#x2Choge hoge<br>hogehoge&#x2Choge hoge<br>hogehoge&#x2Choge hoge<br>hogehoge&#x2Choge hoge<br>hogehoge&#x2Choge hoge<br>hogehoge&#x2Choge hoge<br>hogehoge&#x2Choge hoge<br>hogehoge&#x2Choge hoge<br>hogehoge&#x2Choge hoge<br>hogehoge&#x2Choge hoge<br>hogehoge&#x2Choge hoge<br>hogehoge&#x2Choge hoge<br>
3,aaa bbb,男,東京都,200-0000-0000,aaa@bbb.aaa,雑誌,新聞,その他,AAA,hogehoge&#x2Cpiyo piyo
4,aaa bbb,男,東京都,040-0000-0000,ccc@ddd.aaa,雑誌,新聞,その他,AAA,hogehoge&#x2Choge hoge
5,aaa bbb,男,東京都,000-0000-0000,aaa@bbb.aaa,雑誌,新聞,その他,AAA,hogehoge&#x2Choge hoge
6,鈴木 次郎,男,東京都,300-0000-0000,aaa@bbb.aaa,雑誌,新聞,その他,AAA,hogehoge&#x2Choge hoge
7,aaa bbb,男,東京都,000-0000-0000,aaa@bbb.aaa,雑誌,新聞,その他,AAA,hogehoge&#x2Choge hoge
8,aaa bbb,男,東京都,000-0000-0000,aaa@bbb.aaa,雑誌,新聞,その他,AAA,hogehoge&#x2Choge hoge
9,田中 三郎,男,東京都,050-0000-0000,aaa@bbb.aaa,雑誌,新聞,その他,AAA,hogehoge&#x2Choge hoge
10,aaa bbb,男,東京都,000-0000-0000,aaa@bbb.aaa,雑誌,,その他,AAA,hogehoge&#x2Choge hoge
11,aaa bbb,男,東京都,000-0000-0000,bbb@bbb.aaa,雑誌,新聞,その他,AAA,hogehoge&#x2Choge hoge
12,aaa bbb,男,東京都,500-0000-0000,aaa@bbb.aaa,,新聞,その他,AAA,hogehoge&#x2Choge hoge
13,aaa bbb,男,東京都,000-0000-0000,aaa@ddd.aaa,雑誌,,その他,AAA,hogehoge&#x2Choge hoge
14,aaa bbb,男,東京都,000-0000-0000,aaa@bbb.aaa,雑誌,新聞,その他,AAA,hogehoge&#x2Choge hoge
15,aaa bbb,男,東京都,030-0000-0000,aaa@bbb.aaa,雑誌,,,AAA,hogehoge&#x2Choge hoge
16,aaa bbb,男,東京都,000-0000-0000,ccc@bbb.aaa,,,,AAA,hogehoge&#x2Choge hoge
17,aaa bbb,男,東京都,020-0000-0000,aaa@bbb.aaa,雑誌,新聞,その他,AAA,hogehoge&#x2Choge hoge
18,aaa bbb,男,東京都,000-0000-0000,aaa@bbb.aaa,雑誌,新聞,その他,AAA,hogehoge&#x2Choge hoge
19,aaa bbb,男,東京都,001-0000-0000,aaa@ccc.aaa,,新聞,その他,AAA,hogehoge&#x2Choge hoge
20,aaa bbb,男,東京都,000-0000-0000,ccc@bbb.aaa,,新聞,その他,AAA,hogehoge&#x2Choge hoge
21,aaa bbb,男,東京都,030-0000-0000,aaa@bbb.aaa,雑誌,,その他,AAA,hogehoge&#x2Choge hoge
22,aaa bbb,男,東京都,000-0000-0000,aaa@bbb.aaa,雑誌,新聞,その他,AAA,hogehoge&#x2Choge hoge
23,aaa bbb,男,東京都,002-0000-0000,aaa@bbb.aaa,雑誌,新聞,その他,AAA,hogehoge&#x2Choge hoge
24,aaa aaa,女,ああああ,111-1111-1111,111@222,雑誌,新聞,,BBB,aaa
25,aaa aaa,女,ああああ,111-1111-1111,111@222,雑誌,新聞,,BBB,aaa
26,aaa aaa,女,ああああ,111-1111-1111,111@222,雑誌,新聞,,BBB,aaa
26
